0,"Remember that this feeling is temporary, and it will pass."
0,"Take deep breaths and focus on the present moment."
0,"Allow yourself to feel and express your emotions."
0,"Reach out to a trusted friend or family member for support."
0,"Practice self-care activities that bring you joy."
0,"Engage in physical exercise to release endorphins and boost your mood."
0,"Write down your thoughts and feelings in a journal."
0,"Surround yourself with positive and uplifting people."
0,"Remind yourself of your strengths and accomplishments."
0,"Find beauty in the small things around you."
0,"Practice gratitude by listing things you are thankful for."
0,"Set small, achievable goals for yourself."
0,"Treat yourself with kindness and compassion."
0,"Seek professional help if needed; there is no shame in asking for support."
0,"Listen to uplifting music that resonates with your emotions."
0,"Engage in a hobby or activity that brings you fulfillment."
0,"Spend time in nature and soak up its healing energy."
0,"Find inspiration in motivational quotes or stories."
0,"Disconnect from social media and focus on real-life connections."
0,"Practice mindfulness and meditation to calm your mind."
0,"Volunteer or help someone in need to shift your focus outward."
0,"Watch a funny movie or show to lighten your mood."
0,"Learn something new to stimulate your mind and create a sense of accomplishment."
0,"Embrace positive affirmations and repeat them to yourself."
0,"Visualize a happy and peaceful place in your mind."
0,"Practice forgiveness and let go of any resentment or grudges."
0,"Engage in acts of kindness towards others."
0,"Surround yourself with things that bring you comfort and joy."
0,"Find solace in art, whether its creating or appreciating it."
0,"Avoid self-criticism and replace negative thoughts with positive ones."
0,"Accept that its okay to not be okay sometimes."
0,"Remind yourself of the times you have overcome challenges in the past."
0,"Treat yourself to a pampering session or a relaxing bath."
0,"Engage in activities that make you laugh or smile."
0,"Set aside time for self-reflection and introspection."
0,"Find a support group or community where you can share your feelings."
0,"Focus on the lessons you can learn from difficult situations."
0,"Surround yourself with uplifting and motivational quotes."
0,"Celebrate your accomplishments, no matter how small they may seem."
0,"Challenge negative thoughts by finding evidence to the contrary."
0,"Engage in random acts of kindness to spread positivity."
0,"Practice self-compassion and forgive yourself for any perceived failures."
0,"Create a vision board of your dreams and goals."
0,"Listen to calming or uplifting podcasts."
0,"Spend time with animals, as they can provide comfort and companionship."
0,"Practice deep relaxation techniques like progressive muscle relaxation."
0,"Write down your worries and fears, then brainstorm potential solutions."
0,"Engage in activities that make you feel productive and accomplished."
0,"Surround yourself with positive and inspiring quotes or affirmations."
0,"Remember that you are loved, valued, and capable of overcoming any challenge."
1,"Embrace and fully experience the joy youre feeling."
1,"Share your joy with others and spread positivity."
1,"Appreciate the present moment and savor the feeling of joy."
1,"Express gratitude for the things that brought you joy."
1,"Capture the joyful moments through photos or journaling."
1,"Take time to celebrate and reward yourself for your accomplishments."
1,"Use your joy as motivation to pursue your passions and dreams."
1,"Pay it forward by doing something kind for others."
1,"Surround yourself with people who uplift and support your joy."
1,"Engage in activities that bring you further joy and fulfillment."
1,"Dance, sing, or express yourself creatively to amplify your joy."
1,"Practice mindfulness to fully immerse yourself in the joyous experience."
1,"Let go of worries and enjoy the simple pleasures in life."
1,"Create a gratitude jar to capture and revisit moments of joy."
1,"Set new goals and aspirations inspired by your current joy."
1,"Take a moment to reflect on the journey that led to your joy."
1,"Spread joy through acts of kindness and generosity."
1,"Allow yourself to be vulnerable and share your joy with others."
1,"Connect with nature and let its beauty enhance your joy."
1,"Take breaks and recharge to sustain your joy over time."
1,"Seek out opportunities for personal growth and self-improvement."
1,"Create a playlist of uplifting and joyful songs to boost your mood."
1,"Express your joy through writing or creating art."
1,"Engage in activities that make you laugh and bring out your inner child."
1,"Share your joyous experiences and inspire others with your story."
1,"Seek out new experiences and adventures to keep your joy alive."
1,"Practice self-care to maintain your physical and emotional well-being."
1,"Appreciate the small joys in everyday life."
1,"Surround yourself with positive affirmations and reminders of joy."
1,"Engage in random acts of kindness to amplify your joy."
1,"Embrace a positive mindset and let it fuel your joy."
1,"Take time to reflect on the positive impact youve made on others."
1,"Use your joy as a source of strength during challenging times."
1,"Seek out opportunities to learn and grow from your joyous experiences."
1,"Celebrate the achievements and milestones that brought you joy."
1,"Share your joy with those who may be in need of inspiration."
1,"Take joy in the journey and appreciate the progress youve made."
1,"Find joy in giving back to your community or volunteering."
1,"Celebrate the joy and success of others."
1,"Surround yourself with joyful and uplifting quotes or affirmations."
1,"Let your joy be a guiding light in your decision-making process."
1,"Engage in activities that promote self-expression and creativity."
1,"Cultivate a positive and supportive social network."
1,"Create a joy jar filled with notes of joyful moments to revisit when needed."
1,"Embrace a mindset of gratitude and find joy in the simplest of things."
1,"Be present and fully engage in the joyful experiences you encounter."
1,"Share your joy through acts of love and kindness towards yourself and others."
1,"Inspire others with your positive energy and zest for life."
1,"Find joy in learning and expanding your knowledge."
1,"Above all, remember that you deserve to experience and cherish joy in your life."
2,"Embrace and accept the love you are receiving wholeheartedly."
2,"Express gratitude for the love that surrounds you."
2,"Be present and savor the feeling of being loved."
2,"Communicate your love and appreciation to those who love you."
2,"Nurture and cherish the relationships that bring you love."
2,"Celebrate and reciprocate the love you receive."
2,"Let love guide your actions and decisions."
2,"Share your love openly and generously with others."
2,"Practice self-love and prioritize your own well-being."
2,"Create meaningful connections with loved ones."
2,"Be vulnerable and open in expressing your love."
2,"Support and encourage the growth of those you love."
2,"Celebrate the unique qualities and strengths of loved ones."
2,"Show empathy and understanding in moments of conflict or disagreement."
2,"Choose kindness and compassion in all your interactions."
2,"Trust and respect the love that is given to you."
2,"Celebrate love in all its forms, whether romantic, familial, or platonic."
2,"Listen attentively and empathetically to the needs of your loved ones."
2,"Be forgiving and let go of grudges to preserve love."
2,"Surprise your loved ones with acts of kindness and appreciation."
2,"Share quality time and create lasting memories with loved ones."
2,"Accept and embrace the imperfections of those you love."
2,"Be a source of support and encouragement during challenging times."
2,"Show appreciation for the small gestures of love."
2,"Prioritize open and honest communication in your relationships."
2,"Be patient and understanding with the vulnerabilities of your loved ones."
2,"Recognize and celebrate the growth and personal development of your loved ones."
2,"Create a safe and nurturing environment for love to flourish."
2,"Encourage self-expression and individuality in your loved ones."
2,"Embrace the power of forgiveness and healing within your relationships."
2,"Share in the joys and successes of your loved ones."
2,"Practice active listening and validate the feelings of your loved ones."
2,"Be a source of strength and support for your loved ones during difficult times."
2,"Create rituals and traditions that deepen your bond and express your love."
2,"Show appreciation and express love through small gestures and acts of service."
2,"Be a reliable and trustworthy presence in the lives of your loved ones."
2,"Continuously work on growing and evolving together in love."
3,"Take deep breaths and try to calm your body and mind."
3,"Allow yourself to acknowledge and feel the anger without judgment."
3,"Take a break and step away from the situation if possible."
3,"Express your anger in a healthy and assertive way."
3,"Practice active listening to understand the underlying cause of your anger."
3,"Engage in physical activity or exercise to release pent-up energy."
3,"Practice mindfulness to observe and detach from your anger."
3,"Write down your feelings and thoughts to gain clarity."
3,"Seek support from a trusted friend or family member."
3,"Challenge negative thoughts and reframe them in a more positive light."
3,"Engage in relaxation techniques such as deep breathing or meditation."
3,"Practice empathy and try to understand the perspective of others involved."
3,"Focus on solutions rather than dwelling on the anger itself."
3,"Find healthy outlets to release anger, such as art, music, or journaling."
3,"Take responsibility for your emotions and actions without blaming others."
3,"Practice forgiveness and let go of grudges or resentments."
3,"Set boundaries to protect yourself from situations that trigger anger."
3,"Use humor to diffuse tension and lighten the mood."
3,"Redirect your energy towards a productive activity or hobby."
3,"Seek professional help or counseling if anger becomes overwhelming or chronic."
3,"Reflect on past experiences and how you successfully managed anger in the past."
3,"Avoid impulsive reactions and give yourself time to calm down."
3,"Engage in self-care activities to reduce stress and promote emotional well-being."
3,"Practice assertiveness to express your needs and concerns effectively."
3,"Use positive affirmations to promote a more positive mindset."
3,"Challenge irrational thoughts and replace them with rational ones."
3,"Engage in deep conversations to address and resolve underlying issues."
3,"Avoid self-destructive behaviors or coping mechanisms."
3,"Create a support network of people who can help you manage your anger."
3,"Channel your anger into productive actions such as advocating for change."
3,"Practice gratitude and focus on the positive aspects of your life."
3,"Seek to learn from the situations that trigger your anger."
3,"Practice active problem-solving to address the root causes of your anger."
3,"Engage in activities that promote relaxation and stress reduction."
3,"Use visualization techniques to imagine a peaceful and calm state."
3,"Take responsibility for your actions and apologize if necessary."
3,"Practice self-compassion and treat yourself with kindness and understanding."
3,"Engage in hobbies or activities that bring you joy and distract from anger."
3,"Practice patience and allow time for healing and resolution."
3,"Seek perspective from others who may have a different viewpoint."
3,"Create a safe and supportive environment for open communication."
3,"Practice non-violent communication to express your anger constructively."
3,"Avoid blaming or criticizing others, focus on expressing your needs instead."
3,"Take breaks during conflicts to cool down and regain composure."
3,"Practice active listening to validate the feelings of others involved."
3,"Use assertive I statements to express your anger without attacking others."
3,"Practice gratitude and focus on the positive aspects of the situation."
3,"Reflect on your values and ensure your actions align with them."
3,"Seek healthy ways to release tension such as through physical activity or hobbies."
3,"Engage in self-reflection to understand your anger triggers and patterns."
3,"Practice acceptance and let go of things you cannot change."
3,"Engage in acts of kindness and compassion towards yourself and others."
3,"Use humor to lighten the mood and diffuse anger."
3,"Seek to understand the underlying needs behind."
4,"Take slow, deep breaths to help calm your body and mind."
4,"Acknowledge and accept your fear without judgment."
4,"Remember that its normal to feel fear; everyone experiences it at times."
4,"Focus on the present moment rather than worrying about the future."
4,"Reach out to a trusted friend or family member for support."
4,"Challenge your fearful thoughts by questioning their validity."
4,"Engage in relaxation techniques such as meditation or progressive muscle relaxation."
4,"Practice self-compassion and remind yourself that you are doing the best you can."
4,"Shift your focus to the things you can control in the situation."
4,"Seek professional help or counseling if your fear is significantly impacting your life."
4,"Visualize yourself successfully overcoming your fear."
4,"Educate yourself about the thing or situation that is causing fear."
4,"Break down the fear-inducing situation into smaller, manageable steps."
4,"Practice positive affirmations to build confidence and resilience."
4,"Surround yourself with supportive and positive people."
4,"Engage in activities that bring you joy and help distract from fear."
4,"Create a plan or strategy to tackle your fear step by step."
4,"Challenge yourself to face your fear gradually, starting with small steps."
4,"Practice deep breathing exercises to help regulate your nervous system."
4,"Journal about your fears and explore the underlying reasons behind them."
4,"Remind yourself of past successes and how you overcame challenges."
4,"Engage in physical exercise to release endorphins and reduce anxiety."
4,"Focus on the lessons and personal growth that can come from facing your fear."
4,"Practice self-care activities that nurture your well-being."
4,"Seek out support groups or communities of people who share similar fears."
4,"Allow yourself to feel the fear but dont let it paralyze you."
4,"Engage in positive self-talk and replace negative thoughts with empowering ones."
4,"Use visualization techniques to imagine yourself feeling calm and confident."
4,"Practice mindfulness to stay grounded in the present moment."
4,"Set realistic expectations for yourself and be patient with the progress."
4,"Seek professional guidance or therapy to address the root causes of your fear."
4,"Surround yourself with positive and inspiring quotes or affirmations."
4,"Engage in activities that help you build self-confidence."
4,"Break the cycle of fear by taking a small step forward, even if it feels uncomfortable."
4,"Focus on your strengths and the resources you have to overcome your fear."
4,"Celebrate each small victory and acknowledge your progress."
4,"Find comfort in spirituality or faith if it aligns with your beliefs."
4,"Practice gratitude and focus on the positive aspects of your life."
4,"Engage in creative expression to channel your emotions and fears."
4,"Challenge the assumptions and beliefs that underlie your fear."
4,"Take time for self-reflection to understand the deeper origins of your fear."
4,"Create a mantra or phrase that empowers you and reminds you of your strength."
4,"Seek exposure therapy to gradually face your fear in a controlled manner."
4,"Use positive visualization to imagine a successful outcome."
4,"Embrace uncertainty and see it as an opportunity for growth."
4,"Surround yourself with supportive and understanding people who can help you face your fear."
4,"Set realistic goals and celebrate each step of progress."
4,"Engage in activities that boost your self-esteem and self-worth."
4,"Practice compassion towards yourself, recognizing that fear is a natural human emotion."
4,"Use relaxation techniques such as aromatherapy or listening to calming music."
4,"Create a safe and comforting space that helps you feel secure."
4,"Challenge your fear by gathering information and knowledge about it."
4,"Focus on the present moment rather than worrying about the future outcome."
4,"Engage in positive distractions such as engaging hobbies or activities."
4,"Use positive self-affirmations to build confidence and self-belief."
4,"Seek professional help to develop coping strategies and tools for managing your fear."
4,"Find solace in nature and spend time outdoors to promote a sense of calm."
4,"Remember that fear is often based on anticipation, and the actual outcome may not be as fearful as imagined."
4,"Practice self-acceptance and embrace your vulnerabilities."
4,"Take small steps towards facing your fear, celebrating each act of bravery."
4,"Remember that you are stronger than you think, and you have the power to overcome your fears."